"GEO_ID","NAME","B01003_001E","B01003_001M"
"id","Geographic Area Name","Estimate!!Total","Margin of Error!!Total"
"0500000US01003","Baldwin County, Alabama","223234","*****"
"0500000US01015","Calhoun County, Alabama","113605","*****"
"0500000US01043","Cullman County, Alabama","83768","*****"
"0500000US01049","DeKalb County, Alabama","71513","*****"
"0500000US01051","Elmore County, Alabama","81209","*****"
"0500000US01055","Etowah County, Alabama","102268","*****"
"0500000US01069","Houston County, Alabama","105882","*****"
"0500000US01073","Jefferson County, Alabama","658573","*****"
"0500000US01077","Lauderdale County, Alabama","92729","*****"
"0500000US01081","Lee County, Alabama","164542","*****"
"0500000US01083","Limestone County, Alabama","98915","*****"
"0500000US01089","Madison County, Alabama","372909","*****"
"0500000US01095","Marshall County, Alabama","96774","*****"
"0500000US01097","Mobile County, Alabama","413210","*****"
"0500000US01101","Montgomery County, Alabama","226486","*****"
"0500000US01103","Morgan County, Alabama","119679","*****"
"0500000US01115","St. Clair County, Alabama","89512","*****"
"0500000US01117","Shelby County, Alabama","217702","*****"
"0500000US01121","Talladega County, Alabama","79978","*****"
"0500000US01125","Tuscaloosa County, Alabama","209355","*****"
"0500000US01127","Walker County, Alabama","63521","*****"
"0500000US02020","Anchorage Municipality, Alaska","288000","*****"
"0500000US02090","Fairbanks North Star Borough, Alaska","96849","*****"
"0500000US02170","Matanuska-Susitna Borough, Alaska","108317","*****"
"0500000US04001","Apache County, Arizona","71887","*****"
"0500000US04003","Cochise County, Arizona","125922","*****"
"0500000US04005","Coconino County, Arizona","143476","*****"
"0500000US04013","Maricopa County, Arizona","4485414","*****"
"0500000US04015","Mohave County, Arizona","212181","*****"
"0500000US04017","Navajo County, Arizona","110924","*****"
"0500000US04019","Pima County, Arizona","1047279","*****"
"0500000US04021","Pinal County, Arizona","462789","*****"
"0500000US04025","Yavapai County, Arizona","235099","*****"
"0500000US04027","Yuma County, Arizona","213787","*****"
"0500000US05007","Benton County, Arkansas","279141","*****"
"0500000US05031","Craighead County, Arkansas","110332","*****"
"0500000US05045","Faulkner County, Arkansas","126007","*****"
"0500000US05051","Garland County, Arkansas","99386","*****"
"0500000US05069","Jefferson County, Arkansas","66824","*****"
"0500000US05085","Lonoke County, Arkansas","73309","*****"
"0500000US05119","Pulaski County, Arkansas","391911","*****"
"0500000US05125","Saline County, Arkansas","122437","*****"
"0500000US05131","Sebastian County, Arkansas","127827","*****"
"0500000US05143","Washington County, Arkansas","239187","*****"
"0500000US05145","White County, Arkansas","78753","*****"
"0500000US06001","Alameda County, California","1671329","*****"
"0500000US06007","Butte County, California","219186","*****"
"0500000US06013","Contra Costa County, California","1153526","*****"
"0500000US06017","El Dorado County, California","192843","*****"
"0500000US06019","Fresno County, California","999101","*****"
"0500000US06023","Humboldt County, California","135558","*****"
"0500000US06025","Imperial County, California","181215","*****"
"0500000US06029","Kern County, California","900202","*****"
"0500000US06031","Kings County, California","152940","*****"
"0500000US06033","Lake County, California","64386","*****"
"0500000US06037","Los Angeles County, California","10039107","*****"
"0500000US06039","Madera County, California","157327","*****"
"0500000US06041","Marin County, California","258826","*****"
"0500000US06045","Mendocino County, California","86749","*****"
"0500000US06047","Merced County, California","277680","*****"
"0500000US06053","Monterey County, California","434061","*****"
"0500000US06055","Napa County, California","137744","*****"
"0500000US06057","Nevada County, California","99755","*****"
"0500000US06059","Orange County, California","3175692","*****"
"0500000US06061","Placer County, California","398329","*****"
"0500000US06065","Riverside County, California","2470546","*****"
"0500000US06067","Sacramento County, California","1552058","*****"
"0500000US06071","San Bernardino County, California","2180085","*****"
"0500000US06073","San Diego County, California","3338330","*****"
"0500000US06075","San Francisco County, California","881549","*****"
"0500000US06077","San Joaquin County, California","762148","*****"
"0500000US06079","San Luis Obispo County, California","283111","*****"
"0500000US06081","San Mateo County, California","766573","*****"
"0500000US06083","Santa Barbara County, California","446499","*****"
"0500000US06085","Santa Clara County, California","1927852","*****"
"0500000US06087","Santa Cruz County, California","273213","*****"
"0500000US06089","Shasta County, California","180080","*****"
"0500000US06095","Solano County, California","447643","*****"
"0500000US06097","Sonoma County, California","494336","*****"
"0500000US06099","Stanislaus County, California","550660","*****"
"0500000US06101","Sutter County, California","96971","*****"
"0500000US06103","Tehama County, California","65084","*****"
"0500000US06107","Tulare County, California","466195","*****"
"0500000US06111","Ventura County, California","846006","*****"
"0500000US06113","Yolo County, California","220500","*****"
"0500000US06115","Yuba County, California","78668","*****"
"0500000US08001","Adams County, Colorado","517421","*****"
"0500000US08005","Arapahoe County, Colorado","656590","*****"
"0500000US08013","Boulder County, Colorado","326196","*****"
"0500000US08014","Broomfield County, Colorado","70465","*****"
"0500000US08031","Denver County, Colorado","727211","*****"
"0500000US08035","Douglas County, Colorado","351154","*****"
"0500000US08041","El Paso County, Colorado","720403","*****"
"0500000US08059","Jefferson County, Colorado","582881","*****"
"0500000US08069","Larimer County, Colorado","356899","*****"
"0500000US08077","Mesa County, Colorado","154210","*****"
"0500000US08101","Pueblo County, Colorado","168424","*****"
"0500000US08123","Weld County, Colorado","324492","*****"
"0500000US09001","Fairfield County, Connecticut","943332","*****"
"0500000US09003","Hartford County, Connecticut","891720","*****"
"0500000US09005","Litchfield County, Connecticut","180333","*****"
"0500000US09007","Middlesex County, Connecticut","162436","*****"
"0500000US09009","New Haven County, Connecticut","854757","*****"
"0500000US09011","New London County, Connecticut","265206","*****"
"0500000US09013","Tolland County, Connecticut","150721","*****"
"0500000US09015","Windham County, Connecticut","116782","*****"
"0500000US10001","Kent County, Delaware","180786","*****"
"0500000US10003","New Castle County, Delaware","558753","*****"
"0500000US10005","Sussex County, Delaware","234225","*****"
"0500000US11001","District of Columbia, District of Columbia","705749","*****"
"0500000US12001","Alachua County, Florida","269043","*****"
"0500000US12005","Bay County, Florida","174705","*****"
"0500000US12009","Brevard County, Florida","601942","*****"
"0500000US12011","Broward County, Florida","1952778","*****"
"0500000US12015","Charlotte County, Florida","188910","*****"
"0500000US12017","Citrus County, Florida","149657","*****"
"0500000US12019","Clay County, Florida","219252","*****"
"0500000US12021","Collier County, Florida","384902","*****"
"0500000US12023","Columbia County, Florida","71686","*****"
"0500000US12031","Duval County, Florida","957755","*****"
"0500000US12033","Escambia County, Florida","318316","*****"
"0500000US12035","Flagler County, Florida","115081","*****"
"0500000US12053","Hernando County, Florida","193920","*****"
"0500000US12055","Highlands County, Florida","106221","*****"
"0500000US12057","Hillsborough County, Florida","1471968","*****"
"0500000US12061","Indian River County, Florida","159923","*****"
"0500000US12069","Lake County, Florida","367118","*****"
"0500000US12071","Lee County, Florida","770577","*****"
"0500000US12073","Leon County, Florida","293582","*****"
"0500000US12081","Manatee County, Florida","403253","*****"
"0500000US12083","Marion County, Florida","365579","*****"
"0500000US12085","Martin County, Florida","161000","*****"
"0500000US12086","Miami-Dade County, Florida","2716940","*****"
"0500000US12087","Monroe County, Florida","74228","*****"
"0500000US12089","Nassau County, Florida","88625","*****"
"0500000US12091","Okaloosa County, Florida","210738","*****"
"0500000US12095","Orange County, Florida","1393452","*****"
"0500000US12097","Osceola County, Florida","375751","*****"
"0500000US12099","Palm Beach County, Florida","1496770","*****"
"0500000US12101","Pasco County, Florida","553947","*****"
"0500000US12103","Pinellas County, Florida","974996","*****"
"0500000US12105","Polk County, Florida","724777","*****"
"0500000US12107","Putnam County, Florida","74521","*****"
"0500000US12109","St. Johns County, Florida","264672","*****"
"0500000US12111","St. Lucie County, Florida","328297","*****"
"0500000US12113","Santa Rosa County, Florida","184313","*****"
"0500000US12115","Sarasota County, Florida","433742","*****"
"0500000US12117","Seminole County, Florida","471826","*****"
"0500000US12119","Sumter County, Florida","132420","*****"
"0500000US12127","Volusia County, Florida","553284","*****"
"0500000US12131","Walton County, Florida","74071","*****"
"0500000US13013","Barrow County, Georgia","83240","*****"
"0500000US13015","Bartow County, Georgia","107738","*****"
"0500000US13021","Bibb County, Georgia","153159","*****"
"0500000US13031","Bulloch County, Georgia","79608","*****"
"0500000US13045","Carroll County, Georgia","119992","*****"
"0500000US13047","Catoosa County, Georgia","67580","*****"
"0500000US13051","Chatham County, Georgia","289430","*****"
"0500000US13057","Cherokee County, Georgia","258773","*****"
"0500000US13059","Clarke County, Georgia","128331","*****"
"0500000US13063","Clayton County, Georgia","292256","*****"
"0500000US13067","Cobb County, Georgia","760141","*****"
"0500000US13073","Columbia County, Georgia","156714","*****"
"0500000US13077","Coweta County, Georgia","148509","*****"
"0500000US13089","DeKalb County, Georgia","759297","*****"
"0500000US13095","Dougherty County, Georgia","87956","*****"
"0500000US13097","Douglas County, Georgia","146343","*****"
"0500000US13113","Fayette County, Georgia","114421","*****"
"0500000US13115","Floyd County, Georgia","98498","*****"
"0500000US13117","Forsyth County, Georgia","244252","*****"
"0500000US13121","Fulton County, Georgia","1063937","*****"
"0500000US13127","Glynn County, Georgia","85292","*****"
"0500000US13135","Gwinnett County, Georgia","936250","*****"
"0500000US13139","Hall County, Georgia","204441","*****"
"0500000US13151","Henry County, Georgia","234561","*****"
"0500000US13153","Houston County, Georgia","157863","*****"
"0500000US13157","Jackson County, Georgia","72977","*****"
"0500000US13185","Lowndes County, Georgia","117406","*****"
"0500000US13215","Muscogee County, Georgia","195769","*****"
"0500000US13217","Newton County, Georgia","111744","*****"
"0500000US13223","Paulding County, Georgia","168667","*****"
"0500000US13245","Richmond County, Georgia","202518","*****"
"0500000US13247","Rockdale County, Georgia","90896","*****"
"0500000US13255","Spalding County, Georgia","66703","*****"
"0500000US13285","Troup County, Georgia","69922","*****"
"0500000US13295","Walker County, Georgia","69761","*****"
"0500000US13297","Walton County, Georgia","94593","*****"
"0500000US13313","Whitfield County, Georgia","104628","*****"
"0500000US15001","Hawaii County, Hawaii","201513","*****"
"0500000US15003","Honolulu County, Hawaii","974563","*****"
"0500000US15007","Kauai County, Hawaii","72293","*****"
"0500000US15009","Maui County, Hawaii","167488","20"
"0500000US16001","Ada County, Idaho","481587","*****"
"0500000US16005","Bannock County, Idaho","87808","*****"
"0500000US16019","Bonneville County, Idaho","119062","*****"
"0500000US16027","Canyon County, Idaho","229849","*****"
"0500000US16055","Kootenai County, Idaho","165697","*****"
"0500000US16083","Twin Falls County, Idaho","86878","*****"
"0500000US17001","Adams County, Illinois","65435","*****"
"0500000US17019","Champaign County, Illinois","209689","*****"
"0500000US17031","Cook County, Illinois","5150233","*****"
"0500000US17037","DeKalb County, Illinois","104897","*****"
"0500000US17043","DuPage County, Illinois","922921","*****"
"0500000US17089","Kane County, Illinois","532403","*****"
"0500000US17091","Kankakee County, Illinois","109862","*****"
"0500000US17093","Kendall County, Illinois","128990","*****"
"0500000US17097","Lake County, Illinois","696535","*****"
"0500000US17099","LaSalle County, Illinois","108669","*****"
"0500000US17111","McHenry County, Illinois","307774","*****"
"0500000US17113","McLean County, Illinois","171517","*****"
"0500000US17115","Macon County, Illinois","104009","*****"
"0500000US17119","Madison County, Illinois","262966","*****"
"0500000US17143","Peoria County, Illinois","179179","*****"
"0500000US17161","Rock Island County, Illinois","141879","*****"
"0500000US17163","St. Clair County, Illinois","259686","*****"
"0500000US17167","Sangamon County, Illinois","194672","*****"
"0500000US17179","Tazewell County, Illinois","131803","*****"
"0500000US17183","Vermilion County, Illinois","75758","*****"
"0500000US17197","Will County, Illinois","690743","*****"
"0500000US17199","Williamson County, Illinois","66597","*****"
"0500000US17201","Winnebago County, Illinois","282572","*****"
"0500000US18003","Allen County, Indiana","379299","*****"
"0500000US18005","Bartholomew County, Indiana","83779","*****"
"0500000US18011","Boone County, Indiana","67843","*****"
"0500000US18019","Clark County, Indiana","118302","*****"
"0500000US18035","Delaware County, Indiana","114135","*****"
"0500000US18039","Elkhart County, Indiana","206341","*****"
"0500000US18043","Floyd County, Indiana","78522","*****"
"0500000US18053","Grant County, Indiana","65769","*****"
"0500000US18057","Hamilton County, Indiana","338011","*****"
"0500000US18059","Hancock County, Indiana","78168","*****"
"0500000US18063","Hendricks County, Indiana","170311","*****"
"0500000US18067","Howard County, Indiana","82544","*****"
"0500000US18081","Johnson County, Indiana","158167","*****"
"0500000US18085","Kosciusko County, Indiana","79456","*****"
"0500000US18089","Lake County, Indiana","485493","*****"
"0500000US18091","LaPorte County, Indiana","109888","*****"
"0500000US18095","Madison County, Indiana","129569","*****"
"0500000US18097","Marion County, Indiana","964582","*****"
"0500000US18105","Monroe County, Indiana","148431","*****"
"0500000US18109","Morgan County, Indiana","70489","*****"
"0500000US18127","Porter County, Indiana","170389","*****"
"0500000US18141","St. Joseph County, Indiana","271826","*****"
"0500000US18157","Tippecanoe County, Indiana","195732","*****"
"0500000US18163","Vanderburgh County, Indiana","181451","*****"
"0500000US18167","Vigo County, Indiana","107038","*****"
"0500000US18177","Wayne County, Indiana","65884","*****"
"0500000US19013","Black Hawk County, Iowa","131228","*****"
"0500000US19049","Dallas County, Iowa","93453","*****"
"0500000US19061","Dubuque County, Iowa","97311","*****"
"0500000US19103","Johnson County, Iowa","151140","*****"
"0500000US19113","Linn County, Iowa","226706","*****"
"0500000US19153","Polk County, Iowa","490161","*****"
"0500000US19155","Pottawattamie County, Iowa","93206","*****"
"0500000US19163","Scott County, Iowa","172943","*****"
"0500000US19169","Story County, Iowa","97117","*****"
"0500000US19193","Woodbury County, Iowa","103107","*****"
"0500000US20015","Butler County, Kansas","66911","*****"
"0500000US20045","Douglas County, Kansas","122259","*****"
"0500000US20091","Johnson County, Kansas","602401","*****"
"0500000US20103","Leavenworth County, Kansas","81758","*****"
"0500000US20161","Riley County, Kansas","74232","*****"
"0500000US20173","Sedgwick County, Kansas","516042","*****"
"0500000US20177","Shawnee County, Kansas","176875","*****"
"0500000US20209","Wyandotte County, Kansas","165429","*****"
"0500000US21015","Boone County, Kentucky","133581","*****"
"0500000US21029","Bullitt County, Kentucky","81676","*****"
"0500000US21037","Campbell County, Kentucky","93584","*****"
"0500000US21047","Christian County, Kentucky","70461","*****"
"0500000US21059","Daviess County, Kentucky","101511","*****"
"0500000US21067","Fayette County, Kentucky","323152","*****"
"0500000US21093","Hardin County, Kentucky","110958","*****"
"0500000US21111","Jefferson County, Kentucky","766757","*****"
"0500000US21117","Kenton County, Kentucky","166998","*****"
"0500000US21145","McCracken County, Kentucky","65418","*****"
"0500000US21151","Madison County, Kentucky","92987","*****"
"0500000US21185","Oldham County, Kentucky","66799","*****"
"0500000US21227","Warren County, Kentucky","132896","*****"
"0500000US22005","Ascension Parish, Louisiana","126604","*****"
"0500000US22015","Bossier Parish, Louisiana","127039","*****"
"0500000US22017","Caddo Parish, Louisiana","240204","*****"
"0500000US22019","Calcasieu Parish, Louisiana","203436","*****"
"0500000US22033","East Baton Rouge Parish, Louisiana","440059","*****"
"0500000US22045","Iberia Parish, Louisiana","69830","*****"
"0500000US22051","Jefferson Parish, Louisiana","432493","*****"
"0500000US22055","Lafayette Parish, Louisiana","244390","*****"
"0500000US22057","Lafourche Parish, Louisiana","97614","*****"
"0500000US22063","Livingston Parish, Louisiana","140789","*****"
"0500000US22071","Orleans Parish, Louisiana","390144","*****"
"0500000US22073","Ouachita Parish, Louisiana","153279","*****"
"0500000US22079","Rapides Parish, Louisiana","129648","*****"
"0500000US22097","St. Landry Parish, Louisiana","82124","*****"
"0500000US22103","St. Tammany Parish, Louisiana","260419","*****"
"0500000US22105","Tangipahoa Parish, Louisiana","134758","*****"
"0500000US22109","Terrebonne Parish, Louisiana","110461","*****"
"0500000US23001","Androscoggin County, Maine","108277","*****"
"0500000US23003","Aroostook County, Maine","67055","*****"
"0500000US23005","Cumberland County, Maine","295003","*****"
"0500000US23011","Kennebec County, Maine","122302","*****"
"0500000US23019","Penobscot County, Maine","152148","*****"
"0500000US23031","York County, Maine","207641","*****"
"0500000US24001","Allegany County, Maryland","70416","*****"
"0500000US24003","Anne Arundel County, Maryland","579234","*****"
"0500000US24005","Baltimore County, Maryland","827370","*****"
"0500000US24009","Calvert County, Maryland","92525","*****"
"0500000US24013","Carroll County, Maryland","168447","*****"
"0500000US24015","Cecil County, Maryland","102855","*****"
"0500000US24017","Charles County, Maryland","163257","*****"
"0500000US24021","Frederick County, Maryland","259547","*****"
"0500000US24025","Harford County, Maryland","255441","*****"
"0500000US24027","Howard County, Maryland","325690","*****"
"0500000US24031","Montgomery County, Maryland","1050688","*****"
"0500000US24033","Prince George's County, Maryland","909327","*****"
"0500000US24037","St. Mary's County, Maryland","113510","*****"
"0500000US24043","Washington County, Maryland","151049","*****"
"0500000US24045","Wicomico County, Maryland","103609","*****"
"0500000US24510","Baltimore city, Maryland","593490","*****"
"0500000US25001","Barnstable County, Massachusetts","212990","*****"
"0500000US25003","Berkshire County, Massachusetts","124944","*****"
"0500000US25005","Bristol County, Massachusetts","565217","*****"
"0500000US25009","Essex County, Massachusetts","789034","*****"
"0500000US25011","Franklin County, Massachusetts","70180","*****"
"0500000US25013","Hampden County, Massachusetts","466372","*****"
"0500000US25015","Hampshire County, Massachusetts","160830","*****"
"0500000US25017","Middlesex County, Massachusetts","1611699","*****"
"0500000US25021","Norfolk County, Massachusetts","706775","*****"
"0500000US25023","Plymouth County, Massachusetts","521202","*****"
"0500000US25025","Suffolk County, Massachusetts","803907","*****"
"0500000US25027","Worcester County, Massachusetts","830622","*****"
"0500000US26005","Allegan County, Michigan","118081","*****"
"0500000US26017","Bay County, Michigan","103126","*****"
"0500000US26021","Berrien County, Michigan","153401","*****"
"0500000US26025","Calhoun County, Michigan","134159","*****"
"0500000US26037","Clinton County, Michigan","79595","*****"
"0500000US26045","Eaton County, Michigan","110268","*****"
"0500000US26049","Genesee County, Michigan","405813","*****"
"0500000US26055","Grand Traverse County, Michigan","93088","*****"
"0500000US26065","Ingham County, Michigan","292406","*****"
"0500000US26073","Isabella County, Michigan","69872","*****"
"0500000US26075","Jackson County, Michigan","158510","*****"
"0500000US26077","Kalamazoo County, Michigan","265066","*****"
"0500000US26081","Kent County, Michigan","656955","*****"
"0500000US26087","Lapeer County, Michigan","87607","*****"
"0500000US26091","Lenawee County, Michigan","98451","*****"
"0500000US26093","Livingston County, Michigan","191995","*****"
"0500000US26099","Macomb County, Michigan","873972","*****"
"0500000US26103","Marquette County, Michigan","66699","*****"
"0500000US26111","Midland County, Michigan","83156","*****"
"0500000US26115","Monroe County, Michigan","150500","*****"
"0500000US26121","Muskegon County, Michigan","173566","*****"
"0500000US26125","Oakland County, Michigan","1257584","*****"
"0500000US26139","Ottawa County, Michigan","291830","*****"
"0500000US26145","Saginaw County, Michigan","190539","*****"
"0500000US26147","St. Clair County, Michigan","159128","*****"
"0500000US26155","Shiawassee County, Michigan","68122","*****"
"0500000US26159","Van Buren County, Michigan","75677","*****"
"0500000US26161","Washtenaw County, Michigan","367601","*****"
"0500000US26163","Wayne County, Michigan","1749343","*****"
"0500000US27003","Anoka County, Minnesota","356921","*****"
"0500000US27013","Blue Earth County, Minnesota","67653","*****"
"0500000US27019","Carver County, Minnesota","105089","*****"
"0500000US27035","Crow Wing County, Minnesota","65055","*****"
"0500000US27037","Dakota County, Minnesota","429021","*****"
"0500000US27053","Hennepin County, Minnesota","1265843","*****"
"0500000US27109","Olmsted County, Minnesota","158293","*****"
"0500000US27123","Ramsey County, Minnesota","550321","*****"
"0500000US27131","Rice County, Minnesota","66972","*****"
"0500000US27137","St. Louis County, Minnesota","199070","*****"
"0500000US27139","Scott County, Minnesota","149013","*****"
"0500000US27141","Sherburne County, Minnesota","97238","*****"
"0500000US27145","Stearns County, Minnesota","161075","*****"
"0500000US27163","Washington County, Minnesota","262440","*****"
"0500000US27171","Wright County, Minnesota","138377","*****"
"0500000US28033","DeSoto County, Mississippi","184945","*****"
"0500000US28035","Forrest County, Mississippi","74897","*****"
"0500000US28047","Harrison County, Mississippi","208080","*****"
"0500000US28049","Hinds County, Mississippi","231840","*****"
"0500000US28059","Jackson County, Mississippi","143617","*****"
"0500000US28067","Jones County, Mississippi","68098","*****"
"0500000US28075","Lauderdale County, Mississippi","74125","*****"
"0500000US28081","Lee County, Mississippi","85436","*****"
"0500000US28089","Madison County, Mississippi","106272","*****"
"0500000US28121","Rankin County, Mississippi","155271","*****"
"0500000US29019","Boone County, Missouri","180463","*****"
"0500000US29021","Buchanan County, Missouri","87364","*****"
"0500000US29031","Cape Girardeau County, Missouri","78871","*****"
"0500000US29037","Cass County, Missouri","105780","*****"
"0500000US29043","Christian County, Missouri","88595","*****"
"0500000US29047","Clay County, Missouri","249948","*****"
"0500000US29051","Cole County, Missouri","76745","*****"
"0500000US29071","Franklin County, Missouri","103967","*****"
"0500000US29077","Greene County, Missouri","293086","*****"
"0500000US29095","Jackson County, Missouri","703011","*****"
"0500000US29097","Jasper County, Missouri","121328","*****"
"0500000US29099","Jefferson County, Missouri","225081","*****"
"0500000US29165","Platte County, Missouri","104418","*****"
"0500000US29183","St. Charles County, Missouri","402022","*****"
"0500000US29187","St. Francois County, Missouri","67215","*****"
"0500000US29189","St. Louis County, Missouri","994205","*****"
"0500000US29510","St. Louis city, Missouri","300576","*****"
"0500000US30013","Cascade County, Montana","81366","*****"
"0500000US30029","Flathead County, Montana","103806","*****"
"0500000US30031","Gallatin County, Montana","114434","*****"
"0500000US30049","Lewis and Clark County, Montana","69432","*****"
"0500000US30063","Missoula County, Montana","119600","*****"
"0500000US30111","Yellowstone County, Montana","161300","*****"
"0500000US31055","Douglas County, Nebraska","571327","*****"
"0500000US31109","Lancaster County, Nebraska","319090","*****"
"0500000US31153","Sarpy County, Nebraska","187196","*****"
"0500000US32003","Clark County, Nevada","2266715","*****"
"0500000US32031","Washoe County, Nevada","471519","*****"
"0500000US33005","Cheshire County, New Hampshire","76085","*****"
"0500000US33009","Grafton County, New Hampshire","89886","*****"
"0500000US33011","Hillsborough County, New Hampshire","417025","*****"
"0500000US33013","Merrimack County, New Hampshire","151391","*****"
"0500000US33015","Rockingham County, New Hampshire","309769","*****"
"0500000US33017","Strafford County, New Hampshire","130633","*****"
"0500000US34001","Atlantic County, New Jersey","263670","*****"
"0500000US34003","Bergen County, New Jersey","932202","*****"
"0500000US34005","Burlington County, New Jersey","445349","*****"
"0500000US34007","Camden County, New Jersey","506471","*****"
"0500000US34009","Cape May County, New Jersey","92039","*****"
"0500000US34011","Cumberland County, New Jersey","149527","*****"
"0500000US34013","Essex County, New Jersey","798975","*****"
"0500000US34015","Gloucester County, New Jersey","291636","*****"
"0500000US34017","Hudson County, New Jersey","672391","*****"
"0500000US34019","Hunterdon County, New Jersey","124371","*****"
"0500000US34021","Mercer County, New Jersey","367430","*****"
"0500000US34023","Middlesex County, New Jersey","825062","*****"
"0500000US34025","Monmouth County, New Jersey","618795","*****"
"0500000US34027","Morris County, New Jersey","491845","*****"
"0500000US34029","Ocean County, New Jersey","607186","*****"
"0500000US34031","Passaic County, New Jersey","501826","*****"
"0500000US34033","Salem County, New Jersey","62385","*****"
"0500000US34035","Somerset County, New Jersey","328934","*****"
"0500000US34037","Sussex County, New Jersey","140488","*****"
"0500000US34039","Union County, New Jersey","556341","*****"
"0500000US34041","Warren County, New Jersey","105267","*****"
"0500000US35001","Bernalillo County, New Mexico","679121","*****"
"0500000US35005","Chaves County, New Mexico","64615","*****"
"0500000US35013","Do√±a Ana County, New Mexico","218195","*****"
"0500000US35025","Lea County, New Mexico","71070","*****"
"0500000US35031","McKinley County, New Mexico","71367","*****"
"0500000US35035","Otero County, New Mexico","67490","*****"
"0500000US35043","Sandoval County, New Mexico","146748","*****"
"0500000US35045","San Juan County, New Mexico","123958","*****"
"0500000US35049","Santa Fe County, New Mexico","150358","*****"
"0500000US35061","Valencia County, New Mexico","76688","*****"
"0500000US36001","Albany County, New York","305506","*****"
"0500000US36005","Bronx County, New York","1418207","*****"
"0500000US36007","Broome County, New York","190488","*****"
"0500000US36009","Cattaraugus County, New York","76117","*****"
"0500000US36011","Cayuga County, New York","76576","*****"
"0500000US36013","Chautauqua County, New York","126903","*****"
"0500000US36015","Chemung County, New York","83456","*****"
"0500000US36019","Clinton County, New York","80485","*****"
"0500000US36027","Dutchess County, New York","294218","*****"
"0500000US36029","Erie County, New York","918702","*****"
"0500000US36045","Jefferson County, New York","109834","*****"
"0500000US36047","Kings County, New York","2559903","*****"
"0500000US36051","Livingston County, New York","62914","*****"
"0500000US36053","Madison County, New York","70941","*****"
"0500000US36055","Monroe County, New York","741770","*****"
"0500000US36059","Nassau County, New York","1356924","*****"
"0500000US36061","New York County, New York","1628706","*****"
"0500000US36063","Niagara County, New York","209281","*****"
"0500000US36065","Oneida County, New York","228671","*****"
"0500000US36067","Onondaga County, New York","460528","*****"
"0500000US36069","Ontario County, New York","109777","*****"
"0500000US36071","Orange County, New York","384940","*****"
"0500000US36075","Oswego County, New York","117124","*****"
"0500000US36079","Putnam County, New York","98320","*****"
"0500000US36081","Queens County, New York","2253858","*****"
"0500000US36083","Rensselaer County, New York","158714","*****"
"0500000US36085","Richmond County, New York","476143","*****"
"0500000US36087","Rockland County, New York","325789","*****"
"0500000US36089","St. Lawrence County, New York","107740","*****"
"0500000US36091","Saratoga County, New York","229863","*****"
"0500000US36093","Schenectady County, New York","155299","*****"
"0500000US36101","Steuben County, New York","95379","*****"
"0500000US36103","Suffolk County, New York","1476601","*****"
"0500000US36105","Sullivan County, New York","75432","*****"
"0500000US36109","Tompkins County, New York","102180","*****"
"0500000US36111","Ulster County, New York","177573","*****"
"0500000US36113","Warren County, New York","63944","*****"
"0500000US36117","Wayne County, New York","89918","*****"
"0500000US36119","Westchester County, New York","967506","*****"
"0500000US37001","Alamance County, North Carolina","169509","*****"
"0500000US37019","Brunswick County, North Carolina","142820","*****"
"0500000US37021","Buncombe County, North Carolina","261191","*****"
"0500000US37023","Burke County, North Carolina","90485","*****"
"0500000US37025","Cabarrus County, North Carolina","216453","*****"
"0500000US37027","Caldwell County, North Carolina","82178","*****"
"0500000US37031","Carteret County, North Carolina","69473","*****"
"0500000US37035","Catawba County, North Carolina","159551","*****"
"0500000US37037","Chatham County, North Carolina","74470","*****"
"0500000US37045","Cleveland County, North Carolina","97947","*****"
"0500000US37049","Craven County, North Carolina","102139","*****"
"0500000US37051","Cumberland County, North Carolina","335509","*****"
"0500000US37057","Davidson County, North Carolina","167609","*****"
"0500000US37063","Durham County, North Carolina","321488","*****"
"0500000US37067","Forsyth County, North Carolina","382295","*****"
"0500000US37069","Franklin County, North Carolina","69685","*****"
"0500000US37071","Gaston County, North Carolina","224529","*****"
"0500000US37081","Guilford County, North Carolina","537174","*****"
"0500000US37085","Harnett County, North Carolina","135976","*****"
"0500000US37089","Henderson County, North Carolina","117417","*****"
"0500000US37097","Iredell County, North Carolina","181806","*****"
"0500000US37101","Johnston County, North Carolina","209339","*****"
"0500000US37109","Lincoln County, North Carolina","86111","*****"
"0500000US37119","Mecklenburg County, North Carolina","1110356","*****"
"0500000US37125","Moore County, North Carolina","100880","*****"
"0500000US37127","Nash County, North Carolina","94298","*****"
"0500000US37129","New Hanover County, North Carolina","234473","*****"
"0500000US37133","Onslow County, North Carolina","197938","*****"
"0500000US37135","Orange County, North Carolina","148476","*****"
"0500000US37147","Pitt County, North Carolina","180742","*****"
"0500000US37151","Randolph County, North Carolina","143667","*****"
"0500000US37155","Robeson County, North Carolina","130625","*****"
"0500000US37157","Rockingham County, North Carolina","91010","*****"
"0500000US37159","Rowan County, North Carolina","142088","*****"
"0500000US37161","Rutherford County, North Carolina","67029","*****"
"0500000US37171","Surry County, North Carolina","71783","*****"
"0500000US37179","Union County, North Carolina","239859","*****"
"0500000US37183","Wake County, North Carolina","1111761","*****"
"0500000US37191","Wayne County, North Carolina","123131","*****"
"0500000US37193","Wilkes County, North Carolina","68412","*****"
"0500000US37195","Wilson County, North Carolina","81801","*****"
"0500000US38015","Burleigh County, North Dakota","95626","*****"
"0500000US38017","Cass County, North Dakota","181923","*****"
"0500000US38035","Grand Forks County, North Dakota","69451","*****"
"0500000US38101","Ward County, North Dakota","67641","*****"
"0500000US39003","Allen County, Ohio","102351","*****"
"0500000US39007","Ashtabula County, Ohio","97241","*****"
"0500000US39009","Athens County, Ohio","65327","*****"
"0500000US39013","Belmont County, Ohio","67006","*****"
"0500000US39017","Butler County, Ohio","383134","*****"
"0500000US39023","Clark County, Ohio","134083","*****"
"0500000US39025","Clermont County, Ohio","206428","*****"
"0500000US39029","Columbiana County, Ohio","101883","*****"
"0500000US39035","Cuyahoga County, Ohio","1235072","*****"
"0500000US39041","Delaware County, Ohio","209177","*****"
"0500000US39043","Erie County, Ohio","74266","*****"
"0500000US39045","Fairfield County, Ohio","157574","*****"
"0500000US39049","Franklin County, Ohio","1316756","*****"
"0500000US39055","Geauga County, Ohio","93649","*****"
"0500000US39057","Greene County, Ohio","168937","*****"
"0500000US39061","Hamilton County, Ohio","817473","*****"
"0500000US39063","Hancock County, Ohio","75783","*****"
"0500000US39081","Jefferson County, Ohio","65325","*****"
"0500000US39085","Lake County, Ohio","230149","*****"
"0500000US39089","Licking County, Ohio","176862","*****"
"0500000US39093","Lorain County, Ohio","309833","*****"
"0500000US39095","Lucas County, Ohio","428348","*****"
"0500000US39099","Mahoning County, Ohio","228683","*****"
"0500000US39101","Marion County, Ohio","65093","*****"
"0500000US39103","Medina County, Ohio","179746","*****"
"0500000US39109","Miami County, Ohio","106987","*****"
"0500000US39113","Montgomery County, Ohio","531687","*****"
"0500000US39119","Muskingum County, Ohio","86215","*****"
"0500000US39133","Portage County, Ohio","162466","*****"
"0500000US39139","Richland County, Ohio","121154","*****"
"0500000US39141","Ross County, Ohio","76666","*****"
"0500000US39145","Scioto County, Ohio","75314","*****"
"0500000US39151","Stark County, Ohio","370606","*****"
"0500000US39153","Summit County, Ohio","541013","*****"
"0500000US39155","Trumbull County, Ohio","197974","*****"
"0500000US39157","Tuscarawas County, Ohio","91987","*****"
"0500000US39165","Warren County, Ohio","234602","*****"
"0500000US39169","Wayne County, Ohio","115710","*****"
"0500000US39173","Wood County, Ohio","130817","*****"
"0500000US40017","Canadian County, Oklahoma","148306","*****"
"0500000US40027","Cleveland County, Oklahoma","284014","*****"
"0500000US40031","Comanche County, Oklahoma","120749","*****"
"0500000US40037","Creek County, Oklahoma","71522","*****"
"0500000US40101","Muskogee County, Oklahoma","67997","*****"
"0500000US40109","Oklahoma County, Oklahoma","797434","*****"
"0500000US40119","Payne County, Oklahoma","81784","*****"
"0500000US40125","Pottawatomie County, Oklahoma","72592","*****"
"0500000US40131","Rogers County, Oklahoma","92459","*****"
"0500000US40143","Tulsa County, Oklahoma","651552","*****"
"0500000US40145","Wagoner County, Oklahoma","81289","*****"
"0500000US41003","Benton County, Oregon","93053","*****"
"0500000US41005","Clackamas County, Oregon","418187","*****"
"0500000US41017","Deschutes County, Oregon","197692","*****"
"0500000US41019","Douglas County, Oregon","110980","*****"
"0500000US41029","Jackson County, Oregon","220944","*****"
"0500000US41033","Josephine County, Oregon","87487","*****"
"0500000US41035","Klamath County, Oregon","68238","*****"
"0500000US41039","Lane County, Oregon","382067","*****"
"0500000US41043","Linn County, Oregon","129749","*****"
"0500000US41047","Marion County, Oregon","347818","*****"
"0500000US41051","Multnomah County, Oregon","812855","*****"
"0500000US41053","Polk County, Oregon","86085","*****"
"0500000US41059","Umatilla County, Oregon","77950","*****"
"0500000US41067","Washington County, Oregon","601592","*****"
"0500000US41071","Yamhill County, Oregon","107100","*****"
"0500000US42001","Adams County, Pennsylvania","103009","*****"
"0500000US42003","Allegheny County, Pennsylvania","1216045","*****"
"0500000US42005","Armstrong County, Pennsylvania","64735","*****"
"0500000US42007","Beaver County, Pennsylvania","163929","*****"
"0500000US42011","Berks County, Pennsylvania","421164","*****"
"0500000US42013","Blair County, Pennsylvania","121829","*****"
"0500000US42017","Bucks County, Pennsylvania","628270","*****"
"0500000US42019","Butler County, Pennsylvania","187853","*****"
"0500000US42021","Cambria County, Pennsylvania","130192","*****"
"0500000US42025","Carbon County, Pennsylvania","64182","*****"
"0500000US42027","Centre County, Pennsylvania","162385","*****"
"0500000US42029","Chester County, Pennsylvania","524989","*****"
"0500000US42033","Clearfield County, Pennsylvania","79255","*****"
"0500000US42037","Columbia County, Pennsylvania","64964","*****"
"0500000US42039","Crawford County, Pennsylvania","84629","*****"
"0500000US42041","Cumberland County, Pennsylvania","253370","*****"
"0500000US42043","Dauphin County, Pennsylvania","278299","*****"
"0500000US42045","Delaware County, Pennsylvania","566747","*****"
"0500000US42049","Erie County, Pennsylvania","269728","*****"
"0500000US42051","Fayette County, Pennsylvania","129274","*****"
"0500000US42055","Franklin County, Pennsylvania","155027","*****"
"0500000US42063","Indiana County, Pennsylvania","84073","*****"
"0500000US42069","Lackawanna County, Pennsylvania","209674","*****"
"0500000US42071","Lancaster County, Pennsylvania","545724","*****"
"0500000US42073","Lawrence County, Pennsylvania","85512","*****"
"0500000US42075","Lebanon County, Pennsylvania","141793","*****"
"0500000US42077","Lehigh County, Pennsylvania","369318","*****"
"0500000US42079","Luzerne County, Pennsylvania","317417","*****"
"0500000US42081","Lycoming County, Pennsylvania","113299","*****"
"0500000US42085","Mercer County, Pennsylvania","109424","*****"
"0500000US42089","Monroe County, Pennsylvania","170271","*****"
"0500000US42091","Montgomery County, Pennsylvania","830915","*****"
"0500000US42095","Northampton County, Pennsylvania","305285","*****"
"0500000US42097","Northumberland County, Pennsylvania","90843","*****"
"0500000US42101","Philadelphia County, Pennsylvania","1584064","*****"
"0500000US42107","Schuylkill County, Pennsylvania","141359","*****"
"0500000US42111","Somerset County, Pennsylvania","73447","*****"
"0500000US42125","Washington County, Pennsylvania","206865","*****"
"0500000US42129","Westmoreland County, Pennsylvania","348899","*****"
"0500000US42133","York County, Pennsylvania","449058","*****"
"0500000US44003","Kent County, Rhode Island","164292","*****"
"0500000US44005","Newport County, Rhode Island","82082","*****"
"0500000US44007","Providence County, Rhode Island","638931","*****"
"0500000US44009","Washington County, Rhode Island","125577","*****"
"0500000US45003","Aiken County, South Carolina","170872","*****"
"0500000US45007","Anderson County, South Carolina","202558","*****"
"0500000US45013","Beaufort County, South Carolina","192122","*****"
"0500000US45015","Berkeley County, South Carolina","227907","*****"
"0500000US45019","Charleston County, South Carolina","411406","*****"
"0500000US45031","Darlington County, South Carolina","66618","*****"
"0500000US45035","Dorchester County, South Carolina","162809","*****"
"0500000US45041","Florence County, South Carolina","138293","*****"
"0500000US45045","Greenville County, South Carolina","523542","*****"
"0500000US45047","Greenwood County, South Carolina","70811","*****"
"0500000US45051","Horry County, South Carolina","354081","*****"
"0500000US45055","Kershaw County, South Carolina","66551","*****"
"0500000US45057","Lancaster County, South Carolina","98012","*****"
"0500000US45059","Laurens County, South Carolina","67493","*****"
"0500000US45063","Lexington County, South Carolina","298750","*****"
"0500000US45073","Oconee County, South Carolina","79546","*****"
"0500000US45075","Orangeburg County, South Carolina","86175","*****"
"0500000US45077","Pickens County, South Carolina","126884","*****"
"0500000US45079","Richland County, South Carolina","415759","*****"
"0500000US45083","Spartanburg County, South Carolina","319785","*****"
"0500000US45085","Sumter County, South Carolina","106721","*****"
"0500000US45091","York County, South Carolina","280979","*****"
"0500000US46099","Minnehaha County, South Dakota","193134","*****"
"0500000US46103","Pennington County, South Dakota","113775","*****"
"0500000US47001","Anderson County, Tennessee","76978","*****"
"0500000US47009","Blount County, Tennessee","133088","*****"
"0500000US47011","Bradley County, Tennessee","108110","*****"
"0500000US47037","Davidson County, Tennessee","694144","*****"
"0500000US47059","Greene County, Tennessee","69069","*****"
"0500000US47065","Hamilton County, Tennessee","367804","*****"
"0500000US47093","Knox County, Tennessee","470313","*****"
"0500000US47113","Madison County, Tennessee","97984","*****"
"0500000US47119","Maury County, Tennessee","96387","*****"
"0500000US47125","Montgomery County, Tennessee","208993","*****"
"0500000US47141","Putnam County, Tennessee","80245","*****"
"0500000US47147","Robertson County, Tennessee","71813","*****"
"0500000US47149","Rutherford County, Tennessee","332285","*****"
"0500000US47155","Sevier County, Tennessee","98250","*****"
"0500000US47157","Shelby County, Tennessee","937166","*****"
"0500000US47163","Sullivan County, Tennessee","158348","*****"
"0500000US47165","Sumner County, Tennessee","191283","*****"
"0500000US47179","Washington County, Tennessee","129375","*****"
"0500000US47187","Williamson County, Tennessee","238412","*****"
"0500000US47189","Wilson County, Tennessee","144657","*****"
"0500000US48005","Angelina County, Texas","86715","*****"
"0500000US48021","Bastrop County, Texas","88723","*****"
"0500000US48027","Bell County, Texas","362924","*****"
"0500000US48029","Bexar County, Texas","2003554","*****"
"0500000US48037","Bowie County, Texas","93245","*****"
"0500000US48039","Brazoria County, Texas","374264","*****"
"0500000US48041","Brazos County, Texas","229211","*****"
"0500000US48061","Cameron County, Texas","423163","*****"
"0500000US48085","Collin County, Texas","1034730","*****"
"0500000US48091","Comal County, Texas","156209","*****"
"0500000US48099","Coryell County, Texas","75951","*****"
"0500000US48113","Dallas County, Texas","2635516","*****"
"0500000US48121","Denton County, Texas","887207","*****"
"0500000US48135","Ector County, Texas","166223","*****"
"0500000US48139","Ellis County, Texas","184826","*****"
"0500000US48141","El Paso County, Texas","839238","*****"
"0500000US48157","Fort Bend County, Texas","811688","*****"
"0500000US48167","Galveston County, Texas","342139","*****"
"0500000US48181","Grayson County, Texas","136212","*****"
"0500000US48183","Gregg County, Texas","123945","*****"
"0500000US48187","Guadalupe County, Texas","166847","*****"
"0500000US48201","Harris County, Texas","4713325","*****"
"0500000US48203","Harrison County, Texas","66553","*****"
"0500000US48209","Hays County, Texas","230191","*****"
"0500000US48213","Henderson County, Texas","82737","*****"
"0500000US48215","Hidalgo County, Texas","868707","*****"
"0500000US48231","Hunt County, Texas","98594","*****"
"0500000US48245","Jefferson County, Texas","251565","*****"
"0500000US48251","Johnson County, Texas","175817","*****"
"0500000US48257","Kaufman County, Texas","136154","*****"
"0500000US48291","Liberty County, Texas","88219","*****"
"0500000US48303","Lubbock County, Texas","310569","*****"
"0500000US48309","McLennan County, Texas","256623","*****"
"0500000US48329","Midland County, Texas","176832","*****"
"0500000US48339","Montgomery County, Texas","607391","*****"
"0500000US48347","Nacogdoches County, Texas","65204","*****"
"0500000US48355","Nueces County, Texas","362294","*****"
"0500000US48361","Orange County, Texas","83396","*****"
"0500000US48367","Parker County, Texas","142878","*****"
"0500000US48375","Potter County, Texas","117415","*****"
"0500000US48381","Randall County, Texas","137713","*****"
"0500000US48397","Rockwall County, Texas","104915","*****"
"0500000US48409","San Patricio County, Texas","66730","*****"
"0500000US48423","Smith County, Texas","232751","*****"
"0500000US48439","Tarrant County, Texas","2102515","*****"
"0500000US48441","Taylor County, Texas","138034","*****"
"0500000US48451","Tom Green County, Texas","119200","*****"
"0500000US48453","Travis County, Texas","1273954","*****"
"0500000US48469","Victoria County, Texas","92084","*****"
"0500000US48471","Walker County, Texas","72971","*****"
"0500000US48479","Webb County, Texas","276652","*****"
"0500000US48485","Wichita County, Texas","132230","*****"
"0500000US48491","Williamson County, Texas","590551","*****"
"0500000US48497","Wise County, Texas","69984","*****"
"0500000US49005","Cache County, Utah","128289","*****"
"0500000US49011","Davis County, Utah","355481","*****"
"0500000US49035","Salt Lake County, Utah","1160437","*****"
"0500000US49045","Tooele County, Utah","72259","*****"
"0500000US49049","Utah County, Utah","636235","*****"
"0500000US49053","Washington County, Utah","177556","*****"
"0500000US49057","Weber County, Utah","260213","*****"
"0500000US50007","Chittenden County, Vermont","163774","*****"
"0500000US51003","Albemarle County, Virginia","109330","*****"
"0500000US51013","Arlington County, Virginia","236842","*****"
"0500000US51015","Augusta County, Virginia","75558","*****"
"0500000US51019","Bedford County, Virginia","78997","*****"
"0500000US51041","Chesterfield County, Virginia","352802","*****"
"0500000US51059","Fairfax County, Virginia","1147532","*****"
"0500000US51061","Fauquier County, Virginia","71222","*****"
"0500000US51069","Frederick County, Virginia","89313","*****"
"0500000US51085","Hanover County, Virginia","107766","*****"
"0500000US51087","Henrico County, Virginia","330818","*****"
"0500000US51095","James City County, Virginia","76523","*****"
"0500000US51107","Loudoun County, Virginia","413538","*****"
"0500000US51121","Montgomery County, Virginia","98535","*****"
"0500000US51153","Prince William County, Virginia","470335","*****"
"0500000US51161","Roanoke County, Virginia","94186","*****"
"0500000US51165","Rockingham County, Virginia","81948","*****"
"0500000US51177","Spotsylvania County, Virginia","136215","*****"
"0500000US51179","Stafford County, Virginia","152882","*****"
"0500000US51199","York County, Virginia","68280","*****"
"0500000US51510","Alexandria city, Virginia","159428","*****"
"0500000US51550","Chesapeake city, Virginia","244835","*****"
"0500000US51650","Hampton city, Virginia","134510","*****"
"0500000US51680","Lynchburg city, Virginia","82168","*****"
"0500000US51700","Newport News city, Virginia","179225","*****"
"0500000US51710","Norfolk city, Virginia","242742","*****"
"0500000US51740","Portsmouth city, Virginia","94398","*****"
"0500000US51760","Richmond city, Virginia","230436","*****"
"0500000US51770","Roanoke city, Virginia","99143","*****"
"0500000US51800","Suffolk city, Virginia","92108","*****"
"0500000US51810","Virginia Beach city, Virginia","449974","*****"
"0500000US53005","Benton County, Washington","204390","*****"
"0500000US53007","Chelan County, Washington","77200","*****"
"0500000US53009","Clallam County, Washington","77331","*****"
"0500000US53011","Clark County, Washington","488241","*****"
"0500000US53015","Cowlitz County, Washington","110593","*****"
"0500000US53021","Franklin County, Washington","95222","*****"
"0500000US53025","Grant County, Washington","97733","*****"
"0500000US53027","Grays Harbor County, Washington","75061","*****"
"0500000US53029","Island County, Washington","85141","*****"
"0500000US53033","King County, Washington","2252782","*****"
"0500000US53035","Kitsap County, Washington","271473","*****"
"0500000US53041","Lewis County, Washington","80707","*****"
"0500000US53045","Mason County, Washington","66768","*****"
"0500000US53053","Pierce County, Washington","904980","*****"
"0500000US53057","Skagit County, Washington","129205","*****"
"0500000US53061","Snohomish County, Washington","822083","*****"
"0500000US53063","Spokane County, Washington","522798","*****"
"0500000US53067","Thurston County, Washington","290536","*****"
"0500000US53073","Whatcom County, Washington","229247","*****"
"0500000US53077","Yakima County, Washington","250873","*****"
"0500000US54003","Berkeley County, West Virginia","119171","*****"
"0500000US54011","Cabell County, West Virginia","91945","*****"
"0500000US54033","Harrison County, West Virginia","67256","*****"
"0500000US54039","Kanawha County, West Virginia","178124","*****"
"0500000US54061","Monongalia County, West Virginia","105612","*****"
"0500000US54081","Raleigh County, West Virginia","73361","*****"
"0500000US54107","Wood County, West Virginia","83518","*****"
"0500000US55009","Brown County, Wisconsin","264542","*****"
"0500000US55025","Dane County, Wisconsin","546695","*****"
"0500000US55027","Dodge County, Wisconsin","87839","*****"
"0500000US55035","Eau Claire County, Wisconsin","104646","*****"
"0500000US55039","Fond du Lac County, Wisconsin","103403","*****"
"0500000US55055","Jefferson County, Wisconsin","84769","*****"
"0500000US55059","Kenosha County, Wisconsin","169561","*****"
"0500000US55063","La Crosse County, Wisconsin","118016","*****"
"0500000US55071","Manitowoc County, Wisconsin","78981","*****"
"0500000US55073","Marathon County, Wisconsin","135692","*****"
"0500000US55079","Milwaukee County, Wisconsin","945726","*****"
"0500000US55087","Outagamie County, Wisconsin","187885","*****"
"0500000US55089","Ozaukee County, Wisconsin","89221","*****"
"0500000US55097","Portage County, Wisconsin","70772","*****"
"0500000US55101","Racine County, Wisconsin","196311","*****"
"0500000US55105","Rock County, Wisconsin","163354","*****"
"0500000US55109","St. Croix County, Wisconsin","90687","*****"
"0500000US55117","Sheboygan County, Wisconsin","115340","*****"
"0500000US55127","Walworth County, Wisconsin","103868","*****"
"0500000US55131","Washington County, Wisconsin","136034","*****"
"0500000US55133","Waukesha County, Wisconsin","404198","*****"
"0500000US55139","Winnebago County, Wisconsin","171907","*****"
"0500000US55141","Wood County, Wisconsin","72999","*****"
"0500000US56021","Laramie County, Wyoming","99500","*****"
"0500000US56025","Natrona County, Wyoming","79858","*****"
"0500000US72013","Arecibo Municipio, Puerto Rico","81966","*****"
"0500000US72021","Bayam√≥n Municipio, Puerto Rico","169269","*****"
"0500000US72025","Caguas Municipio, Puerto Rico","124606","*****"
"0500000US72031","Carolina Municipio, Puerto Rico","146984","*****"
"0500000US72061","Guaynabo Municipio, Puerto Rico","83728","*****"
"0500000US72097","Mayag√ºez Municipio, Puerto Rico","71530","*****"
"0500000US72113","Ponce Municipio, Puerto Rico","131881","*****"
"0500000US72127","San Juan Municipio, Puerto Rico","318441","*****"
"0500000US72135","Toa Alta Municipio, Puerto Rico","72025","*****"
"0500000US72137","Toa Baja Municipio, Puerto Rico","74271","*****"
"0500000US72139","Trujillo Alto Municipio, Puerto Rico","63674","*****"
